"key","rule","status","severity","component","line","message","effort","creationDate"
"192709f6-4947-4078-92b5-fcb5d9b1c8a1","javascript:S7723","OPEN","MINOR","micodent-e13:micodent-frontend/src/components/ClinicalImage.jsx","24","Use `new Error()` instead of `Error()`.","5min","2026-09-29T21:38:04-0500"
"3f86a87b-a744-4422-af65-7e9bc39bbc9f","javascript:S7773","OPEN","MINOR","micodent-e13:micodent-frontend/src/pages/AdministracionPersonal.jsx","74","Prefer `Number.parseInt` over `parseInt`.","2min","2026-09-29T21:38:04-0500"
"03035a0d-8a97-4266-951c-32ce5659e426","javascript:S7773","OPEN","MINOR","micodent-e13:micodent-frontend/src/pages/AdministracionPersonal.jsx","117","Prefer `Number.parseInt` over `parseInt`.","2min","2026-09-29T21:38:04-0500"
"52eca337-eff2-4e15-9c0a-8f75a45e1b7e","javascript:S7773","OPEN","MINOR","micodent-e13:micodent-frontend/src/pages/AdministracionPersonal.jsx","118","Prefer `Number.parseFloat` over `parseFloat`.","2min","2026-09-29T21:38:04-0500"
"0b1e9873-f63e-4d70-8a4a-4df83575bc6d","javascript:S7755","OPEN","MINOR","micodent-e13:micodent-frontend/src/pages/Agenda.jsx","46","Prefer `.at(â¦)` over `[â¦.length - index]`.","5min","2026-09-29T21:38:04-0500"
"2da2135b-c307-4d59-8eab-f2c02df48926","javascript:S7773","OPEN","MINOR","micodent-e13:micodent-frontend/src/pages/Dashboard.jsx","106","Prefer `Number.parseFloat` over `parseFloat`.","2min","2026-09-29T21:38:04-0500"
"65827deb-2495-4bdf-ad76-f3be65ed2470","javascript:S7776","OPEN","MINOR","micodent-e13:micodent-frontend/src/pages/FinanzasDashboard.jsx","93","`CATEGORIAS_CON_MES_CONSUMO` should be a `Set`, and use `CATEGORIAS_CON_MES_CONSUMO.has()` to check existence or non-existence.","5min","2026-09-29T21:38:04-0500"
"ff7f2212-a7e5-45ec-8af2-3db11fd835e1","javascript:S7773","OPEN","MINOR","micodent-e13:micodent-frontend/src/pages/FinanzasDashboard.jsx","212","Prefer `Number.parseFloat` over `parseFloat`.","2min","2026-09-29T21:38:04-0500"
"a1ea3e8b-f907-4139-8fcb-7d97f1526d78","javascript:S7773","OPEN","MINOR","micodent-e13:micodent-frontend/src/pages/FinanzasDashboard.jsx","313","Prefer `Number.parseFloat` over `parseFloat`.","2min","2026-09-29T21:38:04-0500"
"cff3dea3-1e3f-419e-9421-586ca17757bb","javascript:S7773","OPEN","MINOR","micodent-e13:micodent-frontend/src/pages/FinanzasDashboard.jsx","314","Prefer `Number.parseFloat` over `parseFloat`.","2min","2026-09-29T21:38:04-0500"
"090ae201-a804-4e3e-85c0-7d8639bfd1fe","javascript:S7773","OPEN","MINOR","micodent-e13:micodent-frontend/src/pages/FinanzasDashboard.jsx","315","Prefer `Number.parseFloat` over `parseFloat`.","2min","2026-09-29T21:38:04-0500"
"1417610e-4420-4be2-bde8-54d541e0cf2d","javascript:S7773","OPEN","MINOR","micodent-e13:micodent-frontend/src/pages/FinanzasDashboard.jsx","315","Prefer `Number.parseFloat` over `parseFloat`.","2min","2026-09-29T21:38:04-0500"
"6f534e89-9c8c-4dee-b588-f8cff005a352","javascript:S7773","OPEN","MINOR","micodent-e13:micodent-frontend/src/pages/FinanzasDashboard.jsx","341","Prefer `Number.parseFloat` over `parseFloat`.","2min","2026-09-29T21:38:04-0500"
"7b654792-70df-4f96-baba-7a02430437fc","javascript:S7773","OPEN","MINOR","micodent-e13:micodent-frontend/src/pages/FinanzasDashboard.jsx","342","Prefer `Number.parseFloat` over `parseFloat`.","2min","2026-09-29T21:38:04-0500"
"063783fa-e147-4d38-b825-716548a1ea0a","javascript:S7773","OPEN","MINOR","micodent-e13:micodent-frontend/src/pages/FinanzasDashboard.jsx","343","Prefer `Number.parseFloat` over `parseFloat`.","2min","2026-09-29T21:38:04-0500"
"35b38244-25ad-4549-8c9e-e060727423b5","javascript:S7773","OPEN","MINOR","micodent-e13:micodent-frontend/src/pages/FinanzasDashboard.jsx","343","Prefer `Number.parseFloat` over `parseFloat`.","2min","2026-09-29T21:38:04-0500"
"1786c376-87ad-4079-b6cf-c09bb14b559e","javascript:S7773","OPEN","MINOR","micodent-e13:micodent-frontend/src/pages/FinanzasDashboard.jsx","344","Prefer `Number.parseFloat` over `parseFloat`.","2min","2026-09-29T21:38:04-0500"
"66a8b740-c533-4d90-a51d-8f57c0fd0dd1","javascript:S7773","OPEN","MINOR","micodent-e13:micodent-frontend/src/pages/FinanzasDashboard.jsx","374","Prefer `Number.parseFloat` over `parseFloat`.","2min","2026-09-29T21:38:04-0500"
"a5cfa5e3-1012-4010-963b-a267a23f65b4","javascript:S7773","OPEN","MINOR","micodent-e13:micodent-frontend/src/pages/FinanzasDashboard.jsx","422","Prefer `Number.parseFloat` over `parseFloat`.","2min","2026-09-29T21:38:04-0500"
"e7f9002b-ff2e-420a-a22b-0c53a7fcd498","javascript:S7773","OPEN","MINOR","micodent-e13:micodent-frontend/src/pages/FinanzasDashboard.jsx","477","Prefer `Number.parseFloat` over `parseFloat`.","2min","2026-09-29T21:38:04-0500"
"ab053bad-a20e-4655-9023-ae5a171b5993","javascript:S7773","OPEN","MINOR","micodent-e13:micodent-frontend/src/pages/FinanzasDashboard.jsx","478","Prefer `Number.parseFloat` over `parseFloat`.","2min","2026-09-29T21:38:04-0500"
"3455f146-4aac-4db9-a797-6ea93c84a203","javascript:S3626","OPEN","MINOR","micodent-e13:micodent-frontend/src/pages/Historias.jsx","125","Remove this redundant jump.","1min","2026-09-29T21:38:04-0500"
"800df6fb-7632-4cfa-89f9-546b025a3f0c","javascript:S7773","OPEN","MINOR","micodent-e13:micodent-frontend/src/pages/Historias.jsx","410","Prefer `Number.parseFloat` over `parseFloat`.","2min","2026-09-29T21:38:04-0500"
"d679630b-e81e-4e55-8be7-4a5ddde1c346","javascript:S7754","OPEN","MINOR","micodent-e13:micodent-frontend/src/pages/Historias.jsx","613","Prefer `.some(â¦)` over `.find(â¦)`.","5min","2026-09-29T21:38:04-0500"
"2ed0c65b-e603-4bfc-befe-f300dd69a925","javascript:S7773","OPEN","MINOR","micodent-e13:micodent-frontend/src/pages/Historias.jsx","677","Prefer `Number.parseFloat` over `parseFloat`.","2min","2026-09-29T21:38:04-0500"
"6be216ba-8757-4350-8573-09b947732aa9","javascript:S7773","OPEN","MINOR","micodent-e13:micodent-frontend/src/pages/Historias.jsx","678","Prefer `Number.parseFloat` over `parseFloat`.","2min","2026-09-29T21:38:04-0500"
"0e478339-6596-4fd1-a83c-66581803e018","javascript:S7773","OPEN","MINOR","micodent-e13:micodent-frontend/src/pages/Historias.jsx","682","Prefer `Number.parseFloat` over `parseFloat`.","2min","2026-09-29T21:38:04-0500"
"c6c97e89-0872-4f97-a42e-596d187686d5","javascript:S7773","OPEN","MINOR","micodent-e13:micodent-frontend/src/pages/Historias.jsx","715","Prefer `Number.parseFloat` over `parseFloat`.","2min","2026-09-29T21:38:04-0500"
"665c0625-b5c1-47e7-84e6-b7842a35d703","javascript:S7773","OPEN","MINOR","micodent-e13:micodent-frontend/src/pages/Historias.jsx","726","Prefer `Number.parseFloat` over `parseFloat`.","2min","2026-09-29T21:38:04-0500"
"e92b68ae-1be4-4a21-a85b-df59bb6c2b7d","javascript:S7773","OPEN","MINOR","micodent-e13:micodent-frontend/src/pages/Historias.jsx","772","Prefer `Number.parseFloat` over `parseFloat`.","2min","2026-09-29T21:38:04-0500"
"4fddd6d5-06d2-49f2-b267-96024eba5060","javascript:S7773","OPEN","MINOR","micodent-e13:micodent-frontend/src/pages/Historias.jsx","773","Prefer `Number.parseFloat` over `parseFloat`.","2min","2026-09-29T21:38:04-0500"
"860c4934-4d26-4977-a26f-f071580d04a7","javascript:S7773","OPEN","MINOR","micodent-e13:micodent-frontend/src/pages/Historias.jsx","829","Prefer `Number.parseFloat` over `parseFloat`.","2min","2026-09-29T21:38:04-0500"
"a9afe8c0-d00c-428c-aded-341882cd5867","javascript:S7773","OPEN","MINOR","micodent-e13:micodent-frontend/src/pages/Historias.jsx","830","Prefer `Number.parseFloat` over `parseFloat`.","2min","2026-09-29T21:38:04-0500"
"5cda16b3-fa31-4d70-aef0-ef41f7823e37","javascript:S7773","OPEN","MINOR","micodent-e13:micodent-frontend/src/pages/Historias.jsx","991","Prefer `Number.parseFloat` over `parseFloat`.","2min","2026-09-29T21:38:04-0500"
"f23a5615-164d-4ee4-9a8f-2c3e4e5bcd52","javascript:S7773","OPEN","MINOR","micodent-e13:micodent-frontend/src/pages/Historias.jsx","991","Prefer `Number.parseFloat` over `parseFloat`.","2min","2026-09-29T21:38:04-0500"
"ad556090-01a3-4cd9-8269-b13ba4b64e14","javascript:S6353","OPEN","MINOR","micodent-e13:micodent-frontend/src/pages/Historias.jsx","1076","Use concise character class syntax '\D' instead of '[^0-9]'.","5min","2026-09-29T21:38:04-0500"
"410fb665-777f-4f4c-b873-cdcf7bf1cbfc","javascript:S7773","OPEN","MINOR","micodent-e13:micodent-frontend/src/pages/PacienteDetalle.jsx","519","Prefer `Number.parseFloat` over `parseFloat`.","2min","2026-09-29T21:38:04-0500"
"8416f1e7-cbfb-415f-b863-06bbb11c8f44","javascript:S7773","OPEN","MINOR","micodent-e13:micodent-frontend/src/pages/PacienteDetalle.jsx","520","Prefer `Number.parseFloat` over `parseFloat`.","2min","2026-09-29T21:38:04-0500"
"287a5d3c-b47f-4054-a533-6398829c444e","javascript:S7773","OPEN","MINOR","micodent-e13:micodent-frontend/src/pages/PacienteDetalle.jsx","526","Prefer `Number.parseFloat` over `parseFloat`.","2min","2026-09-29T21:38:04-0500"
"1e9a45a4-b48b-4f51-9a7c-0fe95802fbbf","javascript:S7773","OPEN","MINOR","micodent-e13:micodent-frontend/src/pages/PacienteDetalle.jsx","536","Prefer `Number.parseFloat` over `parseFloat`.","2min","2026-09-29T21:38:04-0500"
"7326a2f2-f810-46ec-a5ab-ae549c893861","javascript:S7773","OPEN","MINOR","micodent-e13:micodent-frontend/src/pages/PacienteDetalle.jsx","547","Prefer `Number.parseInt` over `parseInt`.","2min","2026-09-29T21:38:04-0500"
"ff5a4b5f-6e89-4696-933e-295cc047a138","javascript:S7773","OPEN","MINOR","micodent-e13:micodent-frontend/src/pages/PacienteDetalle.jsx","550","Prefer `Number.parseFloat` over `parseFloat`.","2min","2026-09-29T21:38:04-0500"
"3e8f6b07-30d6-42d7-b7ee-4dd6352c8c90","javascript:S7773","OPEN","MINOR","micodent-e13:micodent-frontend/src/pages/PacienteDetalle.jsx","581","Prefer `Number.parseFloat` over `parseFloat`.","2min","2026-09-29T21:38:04-0500"
"f138a3be-05d9-4740-ba06-6a66e5880d4c","javascript:S7773","OPEN","MINOR","micodent-e13:micodent-frontend/src/pages/PacienteDetalle.jsx","582","Prefer `Number.parseFloat` over `parseFloat`.","2min","2026-09-29T21:38:04-0500"
"a72bfc23-05dc-452d-a1cd-7738019180c0","javascript:S7773","OPEN","MINOR","micodent-e13:micodent-frontend/src/pages/PacienteDetalle.jsx","889","Prefer `Number.parseFloat` over `parseFloat`.","2min","2026-09-29T21:38:04-0500"
"cd94bfaf-72c6-4c25-b25d-07f1601eb7df","javascript:S7773","OPEN","MINOR","micodent-e13:micodent-frontend/src/pages/PacienteDetalle.jsx","901","Prefer `Number.parseFloat` over `parseFloat`.","2min","2026-09-29T21:38:04-0500"
"c2372185-8cb7-486b-89d7-e9a183006a7a","javascript:S7773","OPEN","MINOR","micodent-e13:micodent-frontend/src/pages/PacienteDetalle.jsx","1122","Prefer `Number.parseFloat` over `parseFloat`.","2min","2026-09-29T21:38:04-0500"
"d61bd215-8d05-4733-831a-d85d54b66196","javascript:S7773","OPEN","MINOR","micodent-e13:micodent-frontend/src/pages/PacienteDetalle.jsx","1139","Prefer `Number.parseFloat` over `parseFloat`.","2min","2026-09-29T21:38:04-0500"
"b12dd1ab-8e84-4899-9a1b-d19e40ea1603","javascript:S6353","OPEN","MINOR","micodent-e13:micodent-frontend/src/pages/PacienteDetalle.jsx","1236","Use concise character class syntax '\D' instead of '[^0-9]'.","5min","2026-09-29T21:38:04-0500"
"7c0a4dbe-0c9f-4ea8-acd9-548a79cf367f","javascript:S7746","OPEN","MAJOR","micodent-e13:micodent-frontend/src/services/api.js","49","Prefer `throw error` over `return Promise.reject(error)`.","5min","2026-09-29T21:38:04-0500"
"6b33f509-4085-428a-b2d2-efb00d3e8c28","javascript:S7746","OPEN","MAJOR","micodent-e13:micodent-frontend/src/services/api.js","61","Prefer `throw error` over `return Promise.reject(error)`.","5min","2026-09-29T21:38:04-0500"
"3a14f094-bb01-4aa9-93e4-78f93181255d","javascript:S7723","OPEN","MINOR","micodent-e13:micodent-frontend/src/services/sessionState.js","52","Use `new Error()` instead of `Error()`.","5min","2026-09-29T21:38:04-0500"
"1e3a90a0-60c9-49be-bb07-7a28d92d416f","javascript:S7778","OPEN","MINOR","micodent-e13:micodent-frontend/src/utils/agendaUtils.js","5","Do not call `Array#push()` multiple times.","5min","2026-09-29T21:38:04-0500"
